Produkt;Marke;Quelle;Produktpreis (€);Versandkosten (€);Markenwertung (1–10);Anbieterwertung (1–10);Druck-Stoff-Kompatibilität (1–10)
Premium T-Shirt;Bella + Canvas;Gelato;10,36;3,55;42;75;10
Stanley/Stella Männer Bio-T-Shirt mit V-Ausschnitt;Stanley/Stella;Spreadconnect;21,49;6,29;39;74;10
Stanley/Stella Relaxed Rundhals Frauen Bio-T-Shirt SERENA;Stanley/Stella;Spreadconnect;10,86;2,5;39;74;7
Stanley/Stella Unisex Bio-T-Shirt CRAFTER;Stanley/Stella;Spreadconnect;10,86;2,5;39;74;7
Frauen Gildan Heavy T-Shirt;Gildan;Spreadconnect;19,49;6,29;36;74;10
Männer Gildan Heavy T-Shirt;Gildan;Spreadconnect;19,99;6,29;36;74;10
Stanley/Stella Relaxed Fit Unisex Bio-T-Shirt SPARKER;Stanley/Stella;Spreadconnect;15,7;2,5;39;74;7
Unisex Tri-Blend T-Shirt von Bella + Canvas;Bella + Canvas;Spreadconnect;19,49;6,29;42;74;6
Stanley/Stella Unisex Bio-T-Shirt CREATOR;Stanley/Stella;Spreadconnect;14,4;2,5;39;74;7
Stanley/Stella Frauen Boxy Bio T-Shirt Nova;Stanley/Stella;Spreadconnect;13,09;2,5;39;74;7
Stanley/Stella Oversized Unisex Bio T-Shirt Blaster;Stanley/Stella;Spreadconnect;15,95;2,5;39;74;7
Männer T-Shirt | Gildan;Gildan;Spreadconnect;9,05;2,5;36;74;7
Teenager T-Shirt | B&C;B&C;Spreadconnect;8,89;2,5;36;74;7
Frauen T-Shirt | Gildan;Gildan;Spreadconnect;8,96;2,5;36;74;7
Männer Slim Fit T-Shirt;Stedman;Spreadconnect;16,99;6,29;31;74;10
Klassisches Frauen-T-Shirt mit V-Ausschnitt;Gildan;Spreadconnect;16,99;6,29;36;74;6
Klassisches Männer-T-Shirt mit V-Ausschnitt;Gildan;Spreadconnect;16,99;6,29;36;74;6
Unisex Polycotton T-Shirt;Gildan;Spreadconnect;16,99;6,29;36;74;6
Männer Workwear T-Shirt;Russell;Spreadconnect;19,99;6,29;35;74;6
Männer Funktions-T-Shirt | James & Nicholson;James & Nicholson;Spreadconnect;17,67;2,5;32;74;7
Frauen Funktions-T-Shirt | James & Nicholson;James & Nicholson;Spreadconnect;17,67;2,5;32;74;7
Heavyweight T-Shirt;Gildan 5000;Gelato;6,16;3,55;;75;10
Klassisches T-Shirt;Gildan 64000;Gelato;6,16;3,55;;75;10
Ultra Cotton T-Shirt;Gildan 2000;Gelato;13,21;3,55;;75;6
Enganliegendes T-Shirt;Next Level 3600;Gelato;19,01;3,55;;75;10
Performance T-Shirt;Sports T-Shirt (Gildan Style);Gelato;10,07;3,55;;75;4
Polycotton T-Shirt;Jerzees 29M;Gelato;12,32;3,55;;75;6
V-Ausschnitt T-Shirt;Bella + Canvas 3005;Gelato;14,51;3,55;;75;10
Triblend T-Shirt;Bella + Canvas 3413;Gelato;18,33;3,55;;75;6
Ringer T-Shirt;Bella + Canvas 980;Gelato;12,43;3,55;;75;10
Oversized T-Shirt;SOL'S Legacy 03990;Gelato;15,77;3,55;;75;10
Bio-Baumwolle T-Shirt;SOL'S Legend 03981;Gelato;11,23;3,55;;75;10
T-Shirt aus recycelter Mischfaser;SOL'S RE Crusader 04223;Gelato;10,16;3,55;;75;6
Bio-T-Shirt Herren;SOL'S Pioneer Men 03595;Gelato;11,22;3,55;;75;10
T-Shirt mit bequemer Passform;SOL'S Tuner 04203;Gelato;10;3,55;;75;10
Premium Damen-T-Shirt;Bella + Canvas 6004;Gelato;11,99;3,55;;75;10
Heavyweight T-Shirt;Gildan 5000;Gelato;6,1;3,55;;75;10
Klassisches Damen-T-Shirt;Gildan 64000L;Gelato;9,22;3,55;;75;10
Premium Unisex T-Shirt;Bella + Canvas 3001;Gelato;10,36;3,55;;75;10
Klassisches Unisex T-Shirt;Gildan 64000;Gelato;6,16;3,55;;75;10
Danke-Extra: Premium Damen-T-Shirt;Bella + Canvas 6004;Gelato;11,99;3,55;;75;10
Ultra Cotton T-Shirt;Gildan 2000;Gelato;13,21;3,55;;75;10
Performance T-Shirt;Sports T-Shirt (Typ ST380, Just Cool);Gelato;10,07;3,55;;75;4
Polycotton T-Shirt;Jerzees 29M / Just Cool JC110;Gelato;12,32;3,55;;75;6
Premium V-Ausschnitt T-Shirt;Bella + Canvas 3005;Gelato;14,51;3,55;;75;6
Triblend T-Shirt;Bella + Canvas 3413;Gelato;18,33;3,55;;75;6
Unisex Ringer T-Shirt;Fruit of the Loom, B&C, ASColour, Gildan;Gelato;12,43;3,55;;75;10
Schweres Damen-T-Shirt;Gildan 5000L;Gelato;11,06;3,55;;75;10
Performance Damen-T-Shirt;Just Cool, Gildan, Sport Tek;Gelato;15,21;3,55;;75;4
Premium Damen-T-Shirt;Bella + Canvas 6004;Gelato;11,99;3,55;;75;10
Oversized Damen-T-Shirt Bio;SOL'S Boxy Women 03807;Gelato;15,77;3,55;;75;10
Unisex T-Shirt aus Bio-Baumwolle in Umstellung;SOL'S Legend 03981;Gelato;11,23;3,55;;75;10
Unisex T-Shirt mit recyceltem Mischgewebe;SOL'S RE Crusader 04233;Gelato;10,16;3,55;;75;6
Unisex T-Shirt mit bequemer Passform;SOL'S Tuner 04203;Gelato;10;3,55;;75;10
Übergroßes T-Shirt für Herren aus Bio-Baumwolle in Umstellung;SOL'S Boxy Men 03806;Gelato;16,8;3,55;;75;10
Unisex Staple T-Shirt;Bella + Canvas 3001;Printful ;12,2;3,29;;;10
Unisex Organic Cotton T-Shirt;Stanley/Stella STTU169;Printful ;14,22;3,29;;;10
Men’s Premium Cotton T-Shirt;Printful Original;Printful ;20,75;3,29;;;10
Unisex Garment-Dyed Heavyweight T-Shirt;Comfort Colors 1717;Printful ;17,79;3,99;;;10
Unisex Basic Softstyle T-Shirt;Gildan 64000;Printful ;7,44;3,99;;;10
Unisex Tri-Blend T-Shirt;Bella + Canvas 3413;Printful ;17,55;3,99;;;6
Oversized Faded T-Shirt;AS Colour 5082;Printful ;24,93;3,99;;;10
Men's Fitted T-Shirt;Next Level 3600;Printful ;17,55;3,99;;;10
All-Over Print Men's Crew Neck T-Shirt;Printful;Printful;26,12;6,19;;76;5
Oversized Heavyweight T-Shirt | Cotton Heritage MC1088;Cotton Heritage;Printful;22,55;6,19;;76;6
Unisex Staple Eco T-Shirt;Bella + Canvas 3001ECO;Printful;14,22;6,39;;76;6
All-Over Print Men's Athletic T-Shirt;;Printful;30,34;6,39;;76;5
Unisex Denim T-Shirt;Husky CA6589;Printful;18,15;6,39;;76;10
Women's Relaxed T-Shirt;Bella + Canvas 6400;Printful;17,25;6,39;;76;6
All-Over Print Women's Crew Neck T-Shirt;Printful;Printful;24,93;6,39;;76;5
Women's Basic Softstyle T-Shirt;Gildan 64000L;Printful;7,44;6,39;;76;6
Unisex Staple T-Shirt;Bella + Canvas 3001;Printful;14,22;6,39;;76;6
Unisex Garment-Dyed Heavyweight T-Shirt;Comfort Colors 1717;Printful;17,79;6,19;;76;10
Unisex Basic Softstyle T-Shirt;Gildan 64000;Printful;7,44;6,19;;76;10
Unisex Organic Cotton T-Shirt;Stanley/Stella STTU169;Printful;14,22;6,19;;76;10
Unisex Tri-Blend T-Shirt;Bella + Canvas 3413;Printful;17,55;6,19;;76;6
Oversized Faded T-Shirt;AS Colour 5082;Printful;24,93;6,19;;76;10
Oversized Heavyweight T-Shirt;Cotton Heritage MC1088;Printful;22,55;6,19;;76;10
Unisex Staple Eco T-Shirt;Bella + Canvas 3001ECO;Printful;14,22;6,19;;76;6
Unisex Denim T-Shirt;Husky CA6689;Printful;18,15;6,19;;76;9
All-Over Print Women's Athletic T-Shirt;Printful;Printful;30,34;6,19;;76;5
All-Over Print T-Shirt Dress;Printful;Printful;32,73;3,99;;76;5
Männer Premium T-Shirt | Spreadshirt;Spreadshirt;Spreadconnect;11,5;2,5;;74;7
Frauen Premium T-Shirt | Spreadshirt;Spreadshirt;Spreadconnect;10,48;2,5;;74;7
Heavy Oversize T-Shirt;Unbekannt;Spreadconnect;14,38;2,5;;74;7
JAKO Männer T-Shirt Run 2.0;JAKO;Spreadconnect;21,44;2,5;;74;7
JAKO Frauen T-Shirt Run 2.0;JAKO;Spreadconnect;21,44;2,5;;74;7
CRAFT Core Unify Trainings-T-Shirt;CRAFT (Core Unify);Spreadconnect;20,09;2,5;;74;4
CRAFT Core Unify Frauen Trainings-T-Shirt;CRAFT (Core Unify);Spreadconnect;20,09;2,5;;74;4
Organic Fitted T-Shirt Made in EU;Spreadshirt;Spreadconnect;23,49;2,5;;74;10
Männer Premium Bio T-Shirt;Spreadshirt;Spreadconnect;11,7;2,5;;74;7
Frauen Premium Bio T-Shirt;Spreadshirt;Spreadconnect;11,7;2,5;;74;7
Bio Frauen T-Shirt mit V-Ausschnitt;Spreadshirt;Spreadconnect;21,49;6,29;;74;10
CRAFT Community 2.0 T-Shirt;CRAFT;Spreadconnect;26,49;6,29;;74;6
CRAFT Community 2.0 Frauen T-Shirt;CRAFT;Spreadconnect;26,49;6,29;;74;6
Männer Kontrast-T-Shirt | Spreadshirt;Spreadshirt;Spreadconnect;18,49;6,29;;74;6
Frauen Kontrast-T-Shirt | Spreadshirt;Spreadshirt;Spreadconnect;18,49;6,29;;74;10
Männer Vintage T-Shirt | Spreadshirt;Spreadshirt;Spreadconnect;21,49;6,29;;74;10
Frauen Vintage T-Shirt | Spreadshirt;Spreadshirt;Spreadconnect;19,49;6,29;;74;6
Männer T-Shirt atmungsaktiv | AWDisCool;AWDisCool;Spreadconnect;17,49;6,29;;74;4
Frauen T-Shirt atmungsaktiv | AWDisCool;AWDisCool;Spreadconnect;17,49;6,29;;74;4
JAKO Männer T-Shirt Organic;JAKO;Spreadconnect;22,49;6,29;;74;5
JAKO Frauen T-Shirt Organic;JAKO;Spreadconnect;22,49;6,29;;74;5
Frauen T-Shirt mit gerollten Ärmeln;Spreadshirt;Spreadconnect;18,99;6,29;;74;5
Relaxed Fit Frauen T-Shirt;Spreadshirt;Spreadconnect;16,99;6,29;;74;5
JAKO Frauen T-Shirt Pro Casual;JAKO;Spreadconnect;23,76;6,29;;74;4
JAKO Frauen T-Shirt Pro Casual;JAKO;Spreadconnect;23,76;6,29;;74;4
