Produkt;Geschlecht;Marke;Material;Anwendungsbereich;Druckart;Produktpreis;Versandkosten;EK-Preis;VK-Preis;Größen;Farben;Quelle
Premium T-Shirt;Unisex;Bella + Canvas;100% Airlume-Baumwolle;Alltag;DTG;10,36;3,55;13,91;20,17;S, M, L, XL, 2XL, 3XL, 4XL, 5XL;Weiß, Grau, Schwarz, Navy, Rot, Blau, Grün, Gelb, uvm.;Gelato
Heavyweight T-Shirt;Unisex;Gildan 5000;100% Baumwolle;Alltag;DTG, Stickerei;6,16;3,55;9,71;14,08;S, M, L, XL, 2XL, 3XL, 4XL, 5XL;Weiß, Schwarz, Rot, Blau, Grau, Pink, uvm.;Gelato
Klassisches T-Shirt;Unisex;Gildan 64000;100% Baumwolle;Alltag;DTG;6,16;3,55;9,71;14,08;S, M, L, XL, 2XL, 3XL;Weiß, Schwarz, Grau, Blau, Pink, uvm.;Gelato
Ultra Cotton T-Shirt;Unisex;Gildan 2000;100% Ultra Cotton;Alltag;DTG;13,21;3,55;16,76;24,3;S, M, L, XL, 2XL, 3XL, 4XL, 5XL;Weiß, Grau, Rot, Blau, Dunkelblau, uvm.;Gelato
Enganliegendes T-Shirt;Herren;Next Level 3600;100% gekämmte, ringgesponnene Baumwolle;Alltag;DTG;19,01;3,55;22,56;32,71;S, M, L, XL, 2XL, 3XL;Breite Farbpalette, z. B. Senfgelb, Schwarz, Weiß, Blau, uvm.;Gelato
Performance T-Shirt;Unisex;Sports T-Shirt (Gildan Style);100% Polyester;Sport;DTG, Sublimation;10,07;3,55;13,62;19,75;S, M, L, XL, 2XL;Schwarz, Weiß, Blau, Rot, Grau, uvm.;Gelato
Polycotton T-Shirt;Unisex;Jerzees 29M;50% Baumwolle / 50% Polyester;Alltag;DTG;12,32;3,55;15,87;23,01;S, M, L, XL, 2XL, 3XL;Große Farbvielfalt: Weiß, Blau, Pink, Schwarz, Grau, uvm.;Gelato
V-Ausschnitt T-Shirt;Unisex;Bella + Canvas 3005;100% Airlume-Baumwolle;Alltag;DTG;14,51;3,55;18,06;26,19;S, M, L, XL, 2XL;Breite Auswahl: Weiß, Schwarz, Dunkelrot, Blau, uvm.;Gelato
Triblend T-Shirt;Unisex;Bella + Canvas 3413;50% Polyester, 25% Baumwolle, 25% Viskose;Alltag;DTG;18,33;3,55;21,88;31,73;XS, S, M, L, XL, 2XL;Triblend-Farben wie Grau, Schwarz, Blau, Bordeaux, uvm.;Gelato
Ringer T-Shirt;Unisex;Bella + Canvas 980;100% Baumwolle;Alltag;DTG;12,43;3,55;15,98;23,17;S, M, L, XL, 2XL;Weiß mit farbigen Rändern (Rot, Schwarz, Blau, etc.);Gelato
Oversized T-Shirt;Unisex;SOL'S Legacy 03990;100% Baumwolle;Casual / Streetwear;DTG;15,77;3,55;19,32;28,01;S, M, L, XL, 2XL;Weiß, Beige, Grau, Schwarz, uvm.;Gelato
Bio-Baumwolle T-Shirt;Unisex;SOL'S Legend 03981;100% Bio-Baumwolle (Umstellung);Alltag;DTG;11,23;3,55;14,78;21,43;XXS, XS, S, M, L, XL, 2XL, 3XL;Große Farbpalette: z. B. Weiß, Hellgrün, Grau, Navy, uvm.;Gelato
T-Shirt aus recycelter Mischfaser;Unisex;SOL'S RE Crusader 04223;50% Baumwolle, 50% recyceltes Polyester;Alltag;DTG;10,16;3,55;13,71;19,88;XS, S, M, L, XL, 2XL, 3XL;Schwarz, Weiß, Navy, Rot, Blau, uvm.;Gelato
Bio-T-Shirt Herren;Herren;SOL'S Pioneer Men 03595;100% Bio-Baumwolle;Alltag;DTG;11,22;3,55;14,77;21,42;S, M, L, XL, 2XL, 3XL;Große Farbauswahl: Schwarz, Rot, Blau, Weiß, uvm.;Gelato
T-Shirt mit bequemer Passform;Unisex;SOL'S Tuner 04203;100% Baumwolle;Alltag;DTG;10;3,55;13,55;19,65;XS, S, M, L, XL, 2XL, 3XL;Schwarz, Grau, Weiß, Blau, uvm.;Gelato
Premium Damen-T-Shirt;Damen;Bella + Canvas 6004;100% Airlume-Baumwolle;Alltag;DTG;11,99;3,55;15,54;22,53;S, M, L, XL, 2XL;Weiß, Schwarz, Blau, Pink, Mint, uvm.;Gelato
Heavyweight T-Shirt;Unisex;Gildan 5000;100% Baumwolle (schwere Qualität);Alltag;DTG, Stickerei;6,1;3,55;9,65;13,99;S, M, L, XL, 2XL, 3XL, 4XL, 5XL;Weiß, Schwarz, Blau, Pink, Dunkelrot, uvm.;Gelato
Klassisches Damen-T-Shirt;Damen;Gildan 64000L;100% Baumwolle;Alltag;DTG;9,22;3,55;12,77;18,52;S, M, L, XL, 2XL;Weiß, Navy, Schwarz, Rot, Grau, uvm.;Gelato
Premium Unisex T-Shirt;Unisex;Bella + Canvas 3001;100% Airlume-Baumwolle;Alltag;DTG;10,36;3,55;13,91;20,17;S, M, L, XL, 2XL, 3XL, 4XL;Breite Farbpalette: Weiß, Schwarz, Natur, Rosa, Mint, uvm.;Gelato
Klassisches Unisex T-Shirt;Unisex;Gildan 64000;100% Baumwolle;Alltag;DTG;6,16;3,55;9,71;14,08;S, M, L, XL, 2XL, 3XL;Schwarz, Weiß, Blau, Orange, Violett, uvm.;Gelato
Danke-Extra: Premium Damen-T-Shirt;Damen;Bella + Canvas 6004;100% Airlume-Baumwolle;Alltag;DTG;11,99;3,55;15,54;22,53;S, M, L, XL, 2XL;Weiß, Schwarz, Mint, Pink, Natur, uvm.;Gelato
Ultra Cotton T-Shirt;Unisex;Gildan 2000;100% Baumwolle (Ultra Cotton);Alltag;DTG;13,21;3,55;16,76;24,3;S, M, L, XL, 2XL, 3XL, 4XL, 5XL;Weiß, Blau, Gelb, Rot, Schwarz, uvm.;Gelato
Performance T-Shirt;Unisex;Sports T-Shirt (Typ ST380, Just Cool);100% Polyester;Sport;DTG, Stickerei;10,07;3,55;13,62;19,75;S, M, L, XL, 2XL, 3XL;Weiß, Schwarz, Grau, Navy, uvm.;Gelato
Polycotton T-Shirt;Unisex;Jerzees 29M / Just Cool JC110;50% Baumwolle / 50% Polyester;Alltag;DTG;12,32;3,55;15,87;23,01;S, M, L, XL, 2XL, 3XL;Weiß, Blau, Schwarz, Rot, uvm.;Gelato
Premium V-Ausschnitt T-Shirt;Unisex;Bella + Canvas 3005;52% Baumwolle / 48% Polyester (versch. Farben);Alltag;DTG;14,51;3,55;18,06;26,19;S, M, L, XL, 2XL, 3XL;Schwarz, Weiß, Grau, Dunkelrot, uvm.;Gelato
Triblend T-Shirt;Unisex;Bella + Canvas 3413;50% Polyester / 25% Baumwolle / 25% Viskose;Alltag;DTG, Stickerei;18,33;3,55;21,88;31,73;XS, S, M, L, XL, 2XL, 3XL;Triblend: Grau, Schwarz, Rot, Blau, uvm.;Gelato
Unisex Ringer T-Shirt;Unisex;Fruit of the Loom, B&C, ASColour, Gildan;100% Baumwolle;Alltag;DTG, Stickerei;12,43;3,55;15,98;23,17;S, M, L, XL, 2XL, 3XL;Weiß mit farbigen Akzenten (Rot, Blau, Schwarz etc.);Gelato
Schweres Damen-T-Shirt;Damen;Gildan 5000L;100% Baumwolle;Alltag;DTG, Stickerei;11,06;3,55;14,61;21,18;S, M, L, XL, 2XL;Weiß, Schwarz, Grau, Rosa, Lila, uvm.;Gelato
Performance Damen-T-Shirt;Damen;Just Cool, Gildan, Sport Tek;100% Polyester;Sport;DTG, Stickerei;15,21;3,55;18,76;27,2;S, M, L, XL, 2XL;Weiß, Schwarz, Blau, Pink, Violett;Gelato
Premium Damen-T-Shirt;Damen;Bella + Canvas 6004;100% Airlume-Baumwolle;Alltag;DTG, Stickerei;11,99;3,55;15,54;22,53;S, M, L, XL, 2XL;Große Farbpalette – Weiß, Schwarz, Pastell, uvm.;Gelato
Oversized Damen-T-Shirt Bio;Damen;SOL'S Boxy Women 03807;100% gekämmte Bio-Baumwolle;Alltag, Streetwear;DTG, Stickerei;15,77;3,55;19,32;28,01;XS, S, M, L, XL;Neutral: Weiß, Creme, Grau, Anthrazit;Gelato
Unisex T-Shirt aus Bio-Baumwolle in Umstellung;Unisex;SOL'S Legend 03981;100% gekämmte Bio-Baumwolle (Umstellung);Alltag;DTG, Stickerei;11,23;3,55;14,78;21,43;XS, S, M, L, XL, 2XL, 3XL, 4XL;Zahlreiche natürliche Farbtöne;Gelato
Unisex T-Shirt mit recyceltem Mischgewebe;Unisex;SOL'S RE Crusader 04233;50% recycelte Baumwolle, 50% Polyestermix;Alltag;DTG, Stickerei;10,16;3,55;13,71;19,88;XS, S, M, L, XL, 2XL, 3XL, 4XL;Neutral- und Erdtöne;Gelato
Unisex T-Shirt mit bequemer Passform;Unisex;SOL'S Tuner 04203;100% Baumwolle;Alltag;DTG, Stickerei;10;3,55;13,55;19,65;XS, S, M, L, XL, 2XL, 3XL, 4XL;Basic-Farben wie Weiß, Blau, Grün, Schwarz;Gelato
;;;;;;;;;;;;
Klassischer Unisex Hoodie | Gildan 18500;Unisex;Gildan;50% Baumwolle / 50% Polyester;Alltag, Freizeit;DTG;18,67;5,61;23,68;34,34;S, M, L, XL, 2XL, 3XL;20+ Farben;Gelato 
Premium Unisex Hoodie | Laneseven LS13001;Unisex;Laneseven;80% Baumwolle / 20% Polyester;Alltag, Freizeit, Übergangszeit;DTG;20,78;5,61;25,79;37,4;XS, S, M, L, XL, 2XL;4 Farben;Gelato 
Unisex Pullover Hoodie | Bella + Canvas 3719;Unisex;Bella + Canvas;52% gekämmte & ringgesponnene Baumwolle / 48% Polyester;Premium Freizeitkleidung;DTG;34,49;5,61;39,5;57,27;XS, S, M, L, XL, 2XL;10+ Farben;Gelato 
Premium Unisex Hoodie | JustHoods JH001;Unisex;JustHoods;80% Baumwolle / 20% Polyester;Alltag, College-Stil;DTG;20,64;5,61;25,65;37,19;XS, S, M, L, XL, 2XL, 3XL;20+ Farben;Gelato 
Mittelschwerer Fleece-Hoodie | Gildan SF500;Unisex;Gildan;80% gekämmte Baumwolle / 20% Polyester;Freizeit, Übergangszeit;DTG;21,6;5,61;26,01;37,71;S, M, L, XL, 2XL, 3XL;20+ Farben;Gelato 
Klassischer Unisex Zip-Hoodie;Unisex;Gildan 37200, Gildan 18600;50% Polyester, 50% Baumwolle;Alltag, Freizeit, Teams;DTG, Stickerei;23,57;5,61;28,58;41,44;S, M, L, XL, 2XL, 3XL;Weiß, Grau, Blau, Schwarz;Gelato 
Premium Unisex-Hoodie mit Reißverschluss;Unisex;JustHoods JH050, Lane Seven LS24003;80% Baumwolle, 20% Polyester;Premium Freizeitkleidung;DTG, Stickerei;32,7;5,61;37,71;54,68;S, M, L, XL, 2XL, 3XL;Charcoal Heather;Gelato 
Unisex Hoodie aus recyceltem Mischgewebe;Unisex;SOL'S Condor 03815;50% recyceltes Baumwolle, 50% recyceltes Polyester;Nachhaltige Mode, Freizeit;DTG, Stickerei;28;5,61;33,01;47,86;S, M, L, XL, 2XL, 3XL;Mehrere Farben;Gelato 
Unisex Oversized Kapuzenpullover aus recyceltem Mischgewebe;Unisex;SOL'S Origin 03991;50% Baumwolle, 50% recyceltes Polyester;Urban Style, Nachhaltigkeit;DTG, Stickerei;36,75;5,61;41,76;60,55;S, M, L, XL, 2XL, 3XL;Grau Melange;Gelato 
Unisex Kapuzenpullover aus Bio-Baumwolle in Umstellung;Unisex;SOL'S Constellation 04232;80% Bio-Baumwolle in Umstellung, 15% recyceltes Polyester;Nachhaltigkeit, Freizeit, Teams;DTG, Stickerei;30,6;5,61;35,01;50,76;S, M, L, XL, 2XL, 3XL;Mehrere Farben;Gelato 
Bio-Unisex-Kapuzenpullover | SOL'S Stellar 03568;Unisex;SOL'S Stellar 03568;85% Bio-Baumwolle, 15% recyceltes Polyester;Alltag, Freizeit, nachhaltige Mode;DTG (Textildirektdruck), Stickerei;32,33;5,61;37,94;55,01;XS, S, M, L, XL, 2XL;14 Farben (u.a. Weiß, Beige, Rosa, Khaki, Grau, Schwarz);Gelato 
Unisex Zip-Hoodie aus Bio-Baumwolle in Umstellung | SOL'S Calipso 04237;Unisex;SOL'S Calipso 04237;85% Bio-Baumwolle, 15% recyceltes Polyester;Alltag, Freizeit, nachhaltige Mode;DTG (Textildirektdruck), Stickerei;32,14;5,61;37,75;54,74;XS, S, M, L, XL, 2XL, 3XL;7 Farben (u.a. Weiß, Dunkelblau, Grau, Schwarz);Gelato 
Mittelschwerer Fleece-Hoodie für Erwachsene | Gildan SF500;Unisex;Gildan SF500;80% ringgesponnene Baumwolle, 20% Polyester;Freizeit, Casual, Teams;DTG (Textildirektdruck), Stickerei;21,6;5,61;27,21;39,45;S, M, L, XL, 2XL, 3XL;20+ Farben (u.a. Weiß, Schwarz, Blau, Rot);Gelato 
Klassischer Unisex Hoodie | Gildan 18500 (Damen);Unisex;Gildan 18500;50% Baumwolle, 50% Polyester;Freizeit, Basic, Custom Print;DTG (Textildirektdruck), Stickerei;18,67;5,61;24,28;35,21;S, M, L, XL, 2XL;30+ Farben (u.a. Weiß, Pink, Grau, Blau, Rot);Gelato 
Damen Cropped Hoodie | Bella + Canvas 7502;Damen;Bella + Canvas 7502;52% Airlume Baumwolle, 48% Polyfleece;Fashion, Lifestyle, Print-on-Demand;DTG (Textildirektdruck);36,21;5,61;41,82;60,64;S, M, L, XL, 2XL;7 Farben (u.a. Weiß, Grau, Rosa, Olive);Gelato 
Premium Unisex Hoodie;Unisex;JustHoods JH001;80 % Baumwolle, 20 % Polyester;Freizeitkleidung;DTG (Textil-Direktdruck);20,64;5,61;26,25;38,06;XS, S, M, L, XL, 2XL;Arctic White, Heather Grey, Jet Black, New French Navy, Oxford Navy;Gelato 
Premium Unisex Hoodie;Unisex;Lane Seven LS13001;65 % Baumwolle, 35 % Polyester;Freizeitkleidung;DTG (Textil-Direktdruck);26,78;5,61;32,39;46,97;XS, S, M, L, XL, 2XL;Graphite Heather, Black, Navy;Gelato 
Klassischer Unisex Zip-Hoodie;Unisex;Delta 97300, Gildan 18600;50 % Baumwolle, 50 % Polyester;Freizeitkleidung;DTG (Textil-Direktdruck);23,57;5,61;29,18;42,31;S, M, L, XL, 2XL, 3XL;White, Black, Navy;Gelato 
Premium Damen-Hoodie;Damen;JustHoods JH001F, Independent SS4500;80 % Baumwolle, 20 % Polyester;Freizeitkleidung;DTG (Textil-Direktdruck);25,43;5,61;31,04;45,01;XS, S, M, L, XL, 2XL;Black;Gelato 
Premium Unisex-Hoodie mit Reißverschluss;Unisex;JustHoods JH050, Lane Seven 14003;80 % Baumwolle, 20 % Polyester;Freizeitkleidung;DTG (Textil-Direktdruck);32,76;5,61;38,37;55,64;S, M, L, XL, 2XL, 3XL;Charcoal Heather, Navy, Black;Gelato 
Unisex Hoodie aus recyceltem Mischgewebe;Unisex;SOL'S Condor 03815;80% Baumwolle, 20% recyceltes Polyester;Freizeitkleidung;DTG;28;5,61;33,61;48,73;S, M, L, XL, 2XL, 3XL;Vielfarbig;Gelato
Unisex Oversized Kapuzenpullover aus recyceltem Mischgewebe;Unisex;SOL'S Origin 03991;80% Baumwolle, 20% recyceltes Polyester;Freizeitkleidung;DTG;36,75;5,61;42,36;61,42;S, M, L, XL, 2XL, 3XL;Grey Melange;Gelato
Unisex Kapuzenpullover aus Bio-Baumwolle in Umstellung;Unisex;SOL'S Constellation 04232;85% Bio-Baumwolle, 15% recyceltes Polyester;Freizeitkleidung;DTG;30;5,61;35,61;51,63;S, M, L, XL, 2XL, 3XL;Vielfarbig;Gelato
Bio-Unisex-Kapuzenpullover;Unisex;SOL'S Stellar 03568;80% Bio-Baumwolle, 20% recyceltes Polyester;Freizeitkleidung;DTG;32,33;5,61;37,94;55,01;S, M, L, XL, 2XL, 3XL;Vielfarbig;Gelato
Unisex Zip-Hoodie aus Bio-Baumwolle in Umstellung;Unisex;SOL'S Calipso 04237;85% Bio-Baumwolle, 15% recyceltes Polyester;Freizeitkleidung;DTG;32,14;5,61;37,75;54,74;S, M, L, XL, 2XL, 3XL;Vielfarbig;Gelato
Klassischer Unisex Pullover mit Rundhalsausschnitt;Unisex;Gildan 18000;50% Baumwolle, 50% Polyester;Freizeitkleidung;DTG;14,28;5,61;19,29;34,99;S, M, L, XL, 2XL, 3XL;Mehrere;Gelato
Midweight Fleece-Pullover mit Rundhalsausschnitt;Unisex;Gildan SF000;80% ringgesponnene US-Baumwolle, 20% Polyester;Freizeitkleidung;DTG;16,53;5,61;21,54;36,99;S, M, L, XL, 2XL, 3XL, 4XL;Mehrere;Gelato
Premium Unisex Pullover mit Rundhalsausschnitt;Unisex;Lane Seven LS 14004, JustHoods JH030;80% Baumwolle, 20% Polyester;Freizeitkleidung;DTG;22,95;5,61;27,96;42,95;S, M, L, XL, 2XL, 3XL;Heather Gray;Gelato
Unisex-Pullover mit Reißverschluss aus recyceltem Mischgewebe;Unisex;SOL'S Cooper 04240;80% Baumwolle, 20% recycelter Polyester;Freizeitkleidung;DTG;22,88;5,61;27,89;42,99;XS, S, M, L, XL, 2XL, 3XL, 4XL;Mehrere;Gelato
Übergroßes T-Shirt für Herren aus Bio-Baumwolle in Umstellung;Herren;SOL'S Boxy Men 03806;100% gekämmte Baumwolle (in Umstellung);Freizeitkleidung;DTG;16,8;3,55;20,35;36,9;S, M, L, XL, 2XL;Mehrere;Gelato
Unisex Bio-Pullover mit Rundhalsausschnitt | SOL'S Comet 03574;Unisex;SOL'S Comet 03574;80% Bio-Baumwolle, 20% recycelter Polyester;Freizeitkleidung, nachhaltige Mode;DTG;20,09;5,61;25,7;;XS, S, M, L, XL, 2XL, 3XL, 4XL;Weiß, Schwarz, Rot, Dunkelblau, Grau, Navy, Grün, etc.;Gelato
Unisex Pullover mit 1/4-Reißverschluss aus recyceltem Mischgewebe | SOL'S Conrad 04234;Unisex;SOL'S Conrad 04234;80% Baumwolle, 20% recycelter Polyester;Freizeitkleidung, nachhaltige Mode;DTG;22,88;5,61;28,49;;XS, S, M, L, XL, 2XL, 3XL, 4XL;Grey Melange, Schwarz, Rot, Dunkelblau, etc.;Gelato
Midweight Fleece-Pullover mit Rundhalsausschnitt | Gildan SF000;Unisex;Gildan SF000;80% US-Baumwolle, 20% Polyester;Freizeitkleidung;DTG;16,53;5,61;22,14;;S, M, L, XL, 2XL, 3XL, 4XL;Weiß, Schwarz, Blau, Rot, etc.;Gelato
Klassischer Unisex Pullover mit Rundhalsausschnitt | Gildan 18000;Unisex;Gildan 18000;50% Baumwolle, 50% Polyester;Freizeitkleidung, Basic-Pullover;DTG;14,28;5,61;19,89;;S, M, L, XL, 2XL, 3XL, 4XL, 5XL;Weiß, Blau, Rot, Schwarz, etc.;Gelato
Premium Unisex Pullover mit Rundhalsausschnitt | JustHoods JH030;Unisex;Lane Seven LS14004, JustHoods JH030;80% ringgesponnene Baumwolle, 20% Polyester;Freizeitkleidung, Premium-Stil;DTG;22,95;5,61;28,56;;S, M, L, XL, 2XL, 3XL;Heather Gray, weitere Farben;Gelato
Damen Cropped Pullover;Damen;Bella+Canvas 7503;52 % Airlume Baumwolle, 48 % Polyester;Trendbewusste Damen;DTG (Direktdruck);36,12;5,61;41,73;47,9;S, M, L, XL;Dusty Blue, Mauve, Maroon, Military Green, Black;Gelato
Unisex-Pullover mit Reißverschluss;Unisex;SOL'S Cooper 04240;80 % Baumwolle, 20 % recycelter Polyester;Umweltbewusste Mode;DTG (Direktdruck);22,88;5,61;28,49;34,9;XS, S, M, L, XL, 2XL, 3XL, 4XL;Grey Melange, mehrere;Gelato
Unisex Bio-Pullover mit Rundhalsausschnitt;Unisex;SOL'S Comet 03574;80 % Bio-Baumwolle, 20 % recycelter Polyester;Nachhaltige Mode;DTG (Direktdruck);20,09;5,61;25,7;32,9;XS, S, M, L, XL, 2XL, 3XL, 4XL;Weiß, Schwarz, Navy, Bordeaux, viele weitere;Gelato
Unisex Pullover mit 1/4-Reißverschluss;Unisex;SOL'S Conrad 04234;80 % Baumwolle, 20 % recycelter Polyester;Freizeitmode, nachhaltig;DTG (Direktdruck);22,88;5,61;28,49;34,9;XS, S, M, L, XL, 2XL, 3XL, 4XL;Grey Melange, weitere;Gelato
Midweight Fleece-Pullover Gildan SF000;Unisex;Gildan SF000;80 % Baumwolle, 20 % Polyester;Basic Freizeitkleidung;DTG (Direktdruck);16,53;5,61;22,14;28,9;S, M, L, XL, 2XL, 3XL, 4XL;Weiß, viele weitere;Gelato
Reißverschlussjacke aus Mikrofleece;Herren;SOL'S Factor Men 03823;100 % recycelter Polyester (Polar-Fleece);Wärme und Nachhaltigkeit;Stickerei;46,78;6,12;52,9;64,9;S, M, L, XL, 2XL, 3XL;Rope, weitere;Gelato
Softshell-Reißverschlussjacke;Herren;SOL'S Falcon Men 03827;Recycelter Polyester und Elasthan;Wetterfeste Outdoor-Jacke;Stickerei;46,78;6,12;52,9;64,9;S, M, L, XL, 2XL, 3XL, 4XL;Charcoal Grey, weitere;Gelato
Softshell-Thermoweste;Herren;SOL'S Falcon BW Men 03825;Recycelter Polyester und Elasthan;Outdoor-Aktivitäten, funktional;Stickerei;42,1;6,12;48,22;59,9;S, M, L, XL, 2XL, 3XL, 4XL;Charcoal Grey, weitere;Gelato
Unisex Mikrofleece-Reißverschlussweste;Unisex;SOL'S Factor BW 03822;100 % recycelter Polyester;Umweltbewusste Menschen;Stickerei;42,1;6,12;48,22;59,9;XS, S, M, L, XL, 2XL, 3XL;Rope, weitere;Gelato
Unisex Bio-Jacke;Unisex;SOL'S Neoblu Mael 03780;100 % Bio-Baumwolle;Nachhaltige Workwear;Stickerei;63;6,12;69,12;82,9;XS, S, M, L, XL, 2XL;Deep Khaki, weitere;Gelato
Unisex Mikrofleece-Reißverschlussweste;Unisex;SOL'S Factor BW 03822;100 % recycelter Polyester;Umweltbewusste Menschen;Stickerei;42,1;6,12;48,22;59,9;XS, S, M, L, XL, 2XL, 3XL;Rope, weitere;Gelato
Mikrofleece-Reißverschlussjacke Damen;Damen;SOL'S Factor Women 03824;100 % recycelter Polyester (Polar-Fleece);Wärme und Komfort, nachhaltig;Stickerei;46,78;6,12;52,9;64,9;S, M, L, XL, 2XL, 3XL;Rope, weitere;Gelato
Softshell-Reißverschlussjacke Damen;Damen;SOL'S Falcon Women 03828;Recycelter Polyester und Elasthan;Outdoor-Aktivitäten, funktional;Stickerei;46,78;6,12;52,9;64,9;S, M, L, XL, 2XL, 3XL;Charcoal Grey, weitere;Gelato
Softshell-Thermoweste Damen;Damen;SOL'S Falcon BW Women 03826;Recycelter Polyester;Funktionale Outdoor-Weste;Stickerei;42,1;6,12;48,22;59,9;S, M, L, XL, 2XL, 3XL;Charcoal Grey, weitere;Gelato
Unisex Bio-Jacke;Unisex;SOL'S Neoblu Mael 03780;100 % Bio-Baumwolle;Nachhaltige Workwear;Stickerei;63;6,12;69,12;82,9;XS, S, M, L, XL, 2XL;Deep Khaki, weitere;Gelato
Tailliert geschnittenes Poloshirt Herren;Herren;SOL'S Perfect Men 11346;Hochwertiger, strapazierfähiger Stoff;Komfort und Eleganz im Alltag;Stickerei;14,36;4,08;18,44;24,9;S, M, L, XL, 2XL, 3XL;Weiß, viele weitere;Gelato
Unisex Bio-Poloshirt;Unisex;SOL'S Pegase 04242;Zertifizierte Bio-Baumwolle;Freizeit- und Berufsalltag;Stickerei;17,23;4,08;21,31;27,9;XXS, XS, S, M, L, XL, 2XL, 3XL, 4XL;Weiß, Schwarz, Navy, viele weitere;Gelato
Herren-Poloshirt aus Bio-Baumwolle;Herren;SOL'S Planet Men 03566;100 % Bio-Baumwolle;Nachhaltige Mode;Stickerei;16,51;4,08;20,59;26,9;S, M, L, XL, 2XL, 3XL, 4XL, 5XL;Weiß, viele weitere;Gelato
Feminin geschnittenes Damen-Poloshirt;Damen;SOL'S Planet Women 03575;100 % Bio-Baumwolle;Stilvoll und nachhaltig;Stickerei;16,51;4,08;20,59;26,9;XS, S, M, L, XL, 2XL, 3XL;Weiß, viele weitere;Gelato
Tailliert geschnittenes Poloshirt Damen;Damen;SOL'S Perfect Women 11347;100 % gekämmte ringgesponnene Baumwolle;Alltag mit perfekter Passform;Stickerei;14,36;4,08;18,44;24,9;S, M, L, XL, 2XL, 3XL;Weiß, viele weitere;Gelato
;;;;;;;;;;;;
Unisex Staple T-Shirt;Unisex;Bella + Canvas 3001;100 % gekämmte, ringgesponnene Baumwolle;Freizeit, Lifestyle;DTG, Stickerei;12,2;3,29;15,49;22,46;XS, S, M, L, XL, 2XL, 3XL, 4XL, 5XL;Viele Farben (60+);Printful 
Unisex Classic Tee;Unisex;Gildan 5000;100 % Baumwolle;Basic, Freizeit;DTG, Stickerei;7,44;3,29;10,73;15,56;S, M, L, XL, 2XL, 3XL, 4XL, 5XL;Viele Farben (40+);Printful 
Unisex Organic Cotton T-Shirt;Unisex;Stanley/Stella STTU169;100 % Bio-Baumwolle (GOTS);Nachhaltige Mode, Alltag;DTG, Stickerei;14,22;3,29;17,51;25,39;XS, S, M, L, XL, 2XL, 3XL;20+ Farben;Printful 
All-Over Print Recycled Rash Guard;Herren;Printful Original;88 % recyceltes Polyester, 12 % Elastan;Sport, Schwimmen, Strand;All-Over Sublimationsdruck;28,07;3,29;31,36;45,47;XS, S, M, L, XL, 2XL, 3XL;Vollflächiger Sublimationsdruck;Printful 
Men’s Premium Cotton T-Shirt;Herren;Printful Original;100 % gekämmte, ringgesponnene Baumwolle (190 g/m²);Premium Freizeitkleidung;DTG, Stickerei;20,75;3,29;24,04;34,86;S, M, L, XL, 2XL, 3XL;Schwarz, Weiß, Blau, Grau, weitere;Printful 
Unisex Garment-Dyed Heavyweight T-Shirt;Unisex;Comfort Colors 1717;100% ringgesponnene Baumwolle;Streetwear, Alltag;DTG, Stickerei;17,79;3,99;21,78;31,58;S, M, L, XL, 2XL, 3XL;über 80 Farben;Printful 
Unisex Basic Softstyle T-Shirt;Unisex;Gildan 64000;100% ringgesponnene Baumwolle;Alltag, Freizeit;DTG, Stickerei;7,44;3,99;11,43;16,57;S, M, L, XL, 2XL, 3XL;viele Farben;Printful 
Unisex Tri-Blend T-Shirt;Unisex;Bella + Canvas 3413;50% Polyester, 25% Baumwolle, 25% Viskose;Freizeit, Alltag;DTG, Stickerei;17,55;3,99;21,54;31,23;XS, S, M, L, XL, 2XL;über 40 Farben;Printful 
Oversized Faded T-Shirt;Herren;AS Colour 5082;100% gekämmte Baumwolle;Streetwear, Sommer;DTG, Stickerei;24,93;3,99;28,92;41,93;S, M, L, XL, 2XL;verschiedene verwaschene Farben;Printful 
Men's Fitted T-Shirt;Herren;Next Level 3600;100% gekämmte, ringgesponnene Baumwolle;Alltag, urban;DTG, Stickerei;17,55;3,99;21,54;31,23;S, M, L, XL, 2XL;mehrere Farben;Printful 
All-Over Print Men's Crew Neck T-Shirt;Unisex;Printful;95% polyester, 5% elastane;Alltag, Freizeit, Strand;All-over sublimation;26,12;6,19;32,31;46,85;XS–3XL;Verschiedene (All-over);Printful
All-Over Print Recycled Unisex Sports Jersey;Unisex;Printful;95% recycled polyester, 5% spandex;Sport, Freizeit;All-over sublimation;32,07;6,19;38,26;55,48;2XS–3XL;Verschiedene (All-over);Printful
Oversized Heavyweight T-Shirt | Cotton Heritage MC1088;Herren;Cotton Heritage;100% ring-spun cotton;Streetwear, Alltag;DTG printing, Embroidery;22,55;6,19;28,74;41,67;S–3XL;Mehrere;Printful
Unisex Sports Jersey | SOL'S 11939;Unisex;SOL'S;100% recycled polyester;Sport, Teams;DTG printing, Embroidery;16,6;6,19;22,79;33,05;S–3XL;Mehrere;Printful
Unisex V-Neck Tee | Bella + Canvas 3005;Unisex;Bella + Canvas;100% combed ring-spun cotton;Alltag, Freizeit;DTG printing, Embroidery;17,25;6,19;23,44;33,99;XS–2XL;Mehrere;Printful
Unisex Staple Eco T-Shirt;Unisex;Bella + Canvas 3001ECO;52% recyceltes Polyester, 48% Airlume Baumwolle;Freizeit, Casual;DTG printing;14,22;6,39;20,61;29,88;XS, S, M, L, XL, 2XL, 3XL;Mehrfarbig;Printful
All-Over Print Men's Athletic T-Shirt;Herren;;92% Polyester, 8% Spandex;Sport, Training;All-over sublimation;30,34;6,39;36,73;53,26;XS, S, M, L, XL, 2XL, 3XL;Blau-Weiß gemustert;Printful
Unisex Denim T-Shirt;Unisex;Husky CA6589;100% gekämmte Baumwolle;Streetwear, Casual;DTG printing, Embroidery;18,15;6,39;24,54;35,58;XS, S, M, L, XL, 2XL;Schwarz, Grau, Blau;Printful
Women's Relaxed T-Shirt;Damen;Bella + Canvas 6400;100% Baumwolle / Heather: Polyesteranteil;Alltag, Casualwear;DTG printing, Embroidery;17,25;6,39;23,64;34,28;S–2XL;Vielfarbig;Printful
All-Over Print Women's Crew Neck T-Shirt;Damen;Printful;95% Polyester, 5% Elasthan;Casualwear;All-over sublimation;24,93;6,39;31,32;45,41;XS–2XL;Vielfarbig;Printful
Women's Basic Softstyle T-Shirt;Damen;Gildan 64000L;100% Baumwolle (teilweise Polyester);Basic, Budget;DTG printing;7,44;6,39;13,83;20,05;S–2XL;Vielfarbig;Printful
All-Over Print Women's Pajama Top;Damen;Printful;100% Polyester;Nachtwäsche, Loungewear;All-over sublimation;27,96;6,39;34,35;49,81;XS–2XL;Pink mit Print;Printful
Unisex Staple T-Shirt;Unisex;Bella + Canvas 3001;100% Baumwolle (Heather: Polyesteranteil);Alltag, Casualwear;DTG printing, Embroidery;14,22;6,39;20,61;29,88;XS–3XL;Vielfarbig;Printful
Unisex Classic Tee;Unisex;Gildan 5000;100% Baumwolle bzw. Mischgewebe je nach Farbe;Streetwear, Alltag;DTG printing, Stickerei;7,44;6,19;13,63;19,76;S–5XL;20+ Farben verfügbar;Printful
Unisex Garment-Dyed Heavyweight T-Shirt;Unisex;Comfort Colors 1717;100% ringgesponnene Baumwolle;Streetwear, Alltag;DTG printing, Stickerei;17,79;6,19;23,98;34,77;S–4XL;30+ Farben verfügbar;Printful
Unisex Basic Softstyle T-Shirt;Unisex;Gildan 64000;100% Baumwolle bzw. Mischgewebe je nach Farbe;Alltag, Casualwear;DTG printing, Stickerei;7,44;6,19;13,63;19,76;S–3XL;25+ Farben verfügbar;Printful
Unisex Organic Cotton T-Shirt;Unisex;Stanley/Stella STTU169;100% organische Baumwolle;Ecowear, Alltag;DTG printing, Stickerei;14,22;6,19;20,41;29,59;XS–3XL;20+ Farben verfügbar;Printful
Unisex Tri-Blend T-Shirt;Unisex;Bella + Canvas 3413;50% Polyester, 25% Baumwolle, 25% Viskose;Alltag, Casualwear;DTG printing, Stickerei;17,55;6,19;23,74;34,42;XS–3XL;15+ Farben verfügbar;Printful
Oversized Faded T-Shirt;Unisex;AS Colour 5082;100% Baumwolle;Streetwear, Freizeit;DTG printing, Stickerei;24,93;6,19;31,12;45,12;XS–3XL;5+ Farben;Printful
All-Over Print Recycled Unisex Sports Jersey;Unisex;Printful;100% recycelter Polyester;Sport, Teamsport;All-over Sublimationsdruck;32,07;6,19;38,26;55,48;2XS–3XL;Schwarz-Grün;Printful
Oversized Heavyweight T-Shirt;Unisex;Cotton Heritage MC1088;100% gekämmte Baumwolle;Freizeit, Mode;DTG printing, Stickerei;22,55;6,19;28,74;41,67;S–3XL;5+ Farben;Printful
Unisex Sports Jersey;Unisex;SOLS 11939;100% Polyester;Sport, Teamwear;DTG printing, Stickerei;16,6;6,19;22,79;33,05;XS–2XL;8 Farben;Printful
Unisex V-Neck Tee;Unisex;Bella + Canvas 3005;100% gekämmte Baumwolle;Casual, Freizeit;DTG printing, Stickerei;17,25;6,19;23,44;33,99;XS–2XL;5+ Farben;Printful
Unisex Staple Eco T-Shirt;Unisex;Bella + Canvas 3001ECO;52% recyceltes Polyester, 48% gekämmte und ringgesponnene Baumwolle;Casualwear;DTG printing;14,22;6,19;20,41;29,59;XS–3XL;Schwarz, Weiß;Printful
Unisex Denim T-Shirt;Unisex;Husky CA6689;100% gekämmte Baumwolle;Streetwear;Embroidery, DTF printing;18,15;6,19;24,34;35,29;S–2XL;Schwarz, Grau, Blau, Braun;Printful
All-Over Print Women's Athletic T-Shirt;Damen;Printful;92% Polyester, 8% Elasthan;Sportswear;All-over sublimation;30,34;6,19;36,53;52,97;XS–3XL;Pink mit Muster;Printful
Unisex Pique Polo Shirt;Unisex;Gildan 64800;100% ring-spun cotton;Everyday, casual wear;Embroidery;18,98;4,29;23,27;33,74;S, M, L, XL, 2XL, 3XL, 4XL;White, Black, Navy;Printful
Unisex Premium Pique Polo Shirt;Unisex;SOLS 11362;65% cotton, 35% viscose;Business, casual wear;Embroidery, DTF printing;20,22;4,29;24,51;35,54;XS, S, M, L, XL, XXL, 3XL, 4XL;White, Black, Burgundy, Navy, Red, Light Grey;Printful
adidas Premium Polo Shirt;Unisex;adidas;100% recycled polyester;Corporate, athletic, casual;DTF printing;41,65;4,29;45,94;66,61;S, M, L, XL, XXL;White, Black;Printful
Men’s All-Over Print Slim Fit Polo Shirt;Men;—;95% polyester, 5% spandex;Casual, modern wear;All-over sublimation;31,24;4,29;35,53;51,52;XS, S, M, L, XL, 2XL;Custom all-over;Printful
adidas Sport Polo Shirt;Unisex;adidas;100% recycled polyester;Athletic wear;Embroidery;44,33;4,29;48,62;70,5;S, M, L, XL, XXL, 3XL;White, Black, Navy, Blue, Red;Printful
Basic Unisex Windbreaker;Unisex;SOL'S;100% polyester;Outdoor wear;Embroidery;21,36;6,29;27,65;40,09;XS, S, M, L, XL, XXL;Black, Green;Printful
All-Over Print Unisex Bomber Jacket;Unisex;Printful;100% polyester;Streetwear;Sublimation;53,55;6,29;59,84;86,77;XS, S, M, L, XL, XXL;Custom;Printful
All-Over Print Men's Windbreaker;Men;Printful;100% polyester;Urban & Streetwear;Sublimation;39,86;6,29;46,15;66,92;XS, S, M, L, XL, XXL;Custom;Printful
Premium Recycled Bomber Jacket;Unisex;Threadfast Apparel;100% recycled polyester;Streetwear;Embroidery;65,45;6,29;71,74;104,02;XS, S, M, L, XL, 2XL, 3XL;Black;Printful
Unisex Denim Jacket;Unisex;Threadfast Apparel;99% cotton, 1% spandex;Streetwear;Embroidery;49,98;6,29;56,27;81,59;S, M, L, XL, 2XL;Denim Blue;Printful
All-Over Print Recycled Unisex Track Jacket;Unisex;Printful;95% recycled polyester, 5% spandex;Casual / Sportswear;All-over sublimation;71,39;5,99;77,38;112,2;2XS, XS, S, M, L, XL, 2XL, 3XL;Multicolor;Printful
Faux Leather Bomber Jacket;Unisex;Threadfast Apparel;"Outer: 100% polyurethane faux leather; Lining: 60% cotton, 40% polyester";Streetwear / Everyday;Embroidery;65,45;6,29;71,74;104,02;XS, S, M, L, XL, 2XL;Black;Printful
Unisex Sherpa Denim Jacket;Unisex;Threadfast Apparel;"Denim: 99% cotton, 1% spandex; Sherpa & sleeve lining: 100% recycled polyester";Winter / Streetwear;Embroidery;71,4;5,99;77,39;112,22;XS, S, M, L, XL, 2XL;Light Blue Denim;Printful
Unisex Premium Hoodie;Unisex;Cotton Heritage;65% ring-spun cotton, 35% polyester;Casual wear;DTG printing;24,93;6,29;31,22;45,27;S, M, L, XL, 2XL, 3XL;White, Black, Navy, Red, Grey, etc.;Printful
Unisex Eco Raglan Hoodie;Unisex;SOL'S;85% organic cotton, 15% recycled polyester;Casual & Eco-conscious wear;DTG printing;40,4;6,29;46,69;67,7;XS, S, M, L, XL, 2XL, 3XL;White, Green, Black, etc.;Printful
Premium Eco Hoodie;Unisex;Printful;85% organic cotton, 15% recycled polyester;Casual & Sustainable wear;DTG printing;46,41;6,29;52,7;76,41;XS, S, M, L, XL, 2XL, 3XL;White, Black, Charcoal;Printful
Unisex Premium Hoodie;Unisex;Cotton Heritage;65% ring-spun cotton, 35% polyester;Streetwear / Freizeit;DTG printing, Embroidery;24,93;6,29;31,22;45,27;S, M, L, XL, 2XL, 3XL;15+ Farben (z. B. Schwarz, Weiß, Grau, Blau);Printful
Unisex Eco Raglan Hoodie;Unisex;SOL'S;80% ringspun combed cotton, 20% recycled polyester;Freizeit / Nachhaltige Mode;DTG printing, Embroidery;40,4;6,29;46,69;67,7;XS, S, M, L, XL, 2XL, 3XL;5 Farben (z. B. Weiß, Schwarz, Grün);Printful
Premium Eco Hoodie;Unisex;Printful;85% organic cotton, 15% recycled polyester;Urbanwear / Nachhaltige Mode;DTG printing, Embroidery;46,41;6,29;52,7;76,41;XS, S, M, L, XL, 2XL, 3XL;2 Farben (Schwarz, Weiß);Printful
Unisex Heavy Blend Hoodie;Unisex;Gildan;50% pre-shrunk cotton, 50% polyester;Casualwear / Freizeit;DTG printing, Embroidery;22,55;6,29;28,84;41,82;S, M, L, XL, 2XL, 3XL, 4XL, 5XL;20+ Farben (z. B. Weiß, Schwarz, Grau, Navy);Printful
Unisex Heavy Blend Zip Hoodie;Unisex;Gildan;50% cotton, 50% polyester;Freizeit / Casualwear;DTG printing, Embroidery;27,31;6,29;33,6;48,72;S, M, L, XL, 2XL, 3XL, 4XL, 5XL;10+ Farben (z. B. Weiß, Schwarz, Blau, Grau);Printful
Unisex Oversized Hoodie;Unisex;AS Colour;80% cotton, 20% recycled polyester fleece;Streetwear / Casual;DTG printing / Embroidery;41,59;6,59;48,18;69,86;XS, S, M, L, XL, 2XL;Black, Grey, Blue;Printful
All-Over Print Recycled Unisex Hoodie;Unisex;Printful;95% recycled polyester, 5% spandex;Streetwear / Lifestyle;All-over sublimation;46,35;6,59;52,94;76,76;2XS–3XL;All-over custom design;Printful
Unisex Pullover Hoodie;Unisex;Bella + Canvas;52% airlume combed ring-spun cotton, 48% poly fleece;Casual / Streetwear;DTG printing / Embroidery;34,45;6,59;41,04;59,51;S, M, L, XL, 2XL;Black, Grey, Navy;Printful
Unisex Essential Eco Hoodie;Unisex;Stanley/Stella;100% organic cotton;Sustainable Fashion;DTG printing / Embroidery;41,65;6,59;48,24;69,95;XS, S, M, L, XL, 2XL;White, Black, Green;Printful
All-Over Print Recycled Unisex Zip Hoodie;Unisex;Printful;95% recycled polyester, 5% spandex;Streetwear / Active;All-over sublimation;58,25;6,59;64,84;94,02;2XS–3XL;All-over custom design;Printful
Unisex Premium Sweatshirt;Unisex;Cotton Heritage;65% cotton, 35% polyester;Casualwear;DTG printing, Embroidery;24,39;6,29;30,68;44,49;S, M, L, XL, 2XL, 3XL;White, Black, Navy, Grey, Pink, etc.;Printful
Unisex Organic Sweatshirt;Unisex;SOL'S;100% organic cotton / 80% organic cotton, 20% recycled polyester;Casualwear, Eco-friendly fashion;DTG printing, Embroidery;25,17;6,29;31,46;45,62;S, M, L, XL, XXL;White, Black, Red, Green, etc.;Printful
Unisex Premium Sweatshirt | Cotton Heritage M2480;Unisex;Cotton Heritage;65% ring-spun cotton, 35% polyester;Casual wear;DTG printing, Embroidery;24,39;6,29;30,68;44,49;S, M, L, XL, 2XL, 3XL;White, Black, Navy, Red, etc.;Printful
Unisex Organic Sweatshirt | SOL'S 03574;Unisex;SOL'S;100% organic cotton;Eco-friendly casual wear;DTG printing, Embroidery;25,17;6,29;31,46;45,62;S, M, L, XL, XXL;White, Black, Red, Navy, etc.;Printful
Unisex Crew Neck Sweatshirt | Gildan 18000;Unisex;Gildan;50% cotton, 50% polyester;Basic casual wear;DTG printing, Embroidery;17,25;6,29;23,54;34,13;S, M, L, XL, 2XL, 3XL, 4XL, 5XL;Wide range of 36 colors;Printful
All-Over Print Recycled Unisex Sweatshirt;Unisex;Printful;95% recycled polyester, 5% spandex;Fashion/custom print wear;All-over sublimation;36,83;6,29;43,12;62,52;2XS - 3XL;Custom print;Printful
Unisex Eco Sweatshirt | Stanley/Stella STSU178;Unisex;Stanley/Stella;100% organic ring-spun cotton;Eco-friendly loungewear;DTG printing, Embroidery;35,1;6,29;41,39;60,02;XS, S, M, L, XL, XXL;White, Black, Red, etc.;Printful
Unisex Pique Polo Shirt | Gildan 64800;Unisex;Gildan;100% ringspun cotton;Casual everyday wear;Embroidery;18,98;4,29;23,27;33,74;S, M, L, XL, 2XL, 3XL, 4XL;White, Black, Navy, Sport Grey;Printful
Unisex Premium Pique Polo Shirt | SOL'S 11362;Unisex;SOL'S;100% combed ringspun cotton;Premium everyday wear;DTF printing, Embroidery;20,22;4,29;24,51;35,54;S, M, L, XL, XXL, 3XL, 4XL, 5XL;White, Black, Navy, Red, Grey Melange, Bordeaux;Printful
Women's Pique Polo Shirt | Gildan 64800L;Women;Gildan;100% cotton;Comfortable women's fit;Embroidery;18,98;4,29;23,27;33,74;S, M, L, XL, 2XL;White, Black, Navy, Sport Grey;Printful
adidas Sport Polo Shirt;Unisex;adidas;100% recycled polyester (piqué);Athletic wear;Embroidery;44,33;4,29;48,62;70,5;S, M, L, XL, 2XL, 3XL, 4XL;White, Black, Team Navy Blue, Grey Five, Collegiate Red;Printful
All-Over Print Skater Dress;Female;Printful;82% polyester, 18% spandex;Summer, Events, Fashion;All-over print sublimation;36,83;3,99;40,82;59,19;XS, S, M, L, XL, 2XL, 3XL;Custom print;Printful
All-Over Print T-Shirt Dress;Female;Printful;96% polyester, 4% spandex;Casual wear, Summer;All-over print sublimation;32,73;3,99;36,72;53,24;2XS, XS, S, M, L, XL, 2XL, 3XL, 4XL, 5XL, 6XL;Custom print;Printful
All-Over Print Bodycon Dress;Female;Printful;82% polyester, 18% spandex;Tight fit, Night out, Clubwear;All-over print sublimation;36,83;3,99;40,82;59,19;XS, S, M, L, XL;Custom print;Printful
All-Over Print Long Sleeve Midi Dress;Female;Printful;95% polyester, 5% spandex;Fashion, Events, Long-sleeve;All-over print sublimation;42,24;3,99;46,23;67,03;2XS, XS, S, M, L, XL, 2XL, 3XL, 4XL, 5XL;Custom print;Printful
Basic Unisex Windbreaker | SOL'S 32000;Unisex;SOL'S;100% polyester;Wind- und Wetterschutz;Embroidery;21,36;6,29;27,65;40,09;S, M, L, XL, XXL;Black, Bottle Green;Printful
All-Over Print Unisex Bomber Jacket;Unisex;Printful;100% polyester;Streetwear, Individualdruck;All-over print sublimation;53,55;6,29;59,84;86,77;XS, S, M, L, XL, 2XL, 3XL;Custom Print;Printful
All-Over Print Women's Cropped Windbreaker;Women;Printful;100% polyester;Sportlich, leichte Outdooraktivität;All-over print sublimation;35,64;6,29;41,93;60,8;S, M, L, XL, 2XL;Custom Print;Printful
Premium Recycled Bomber Jacket | Threadfast Apparel 395J;Unisex;Threadfast Apparel;100% recycled polyester;Streetwear, nachhaltige Mode;Embroidery;65,45;6,29;71,74;104,02;XS, S, M, L, XL, 2XL;Black;Printful
Unisex Denim Jacket | Threadfast Apparel 370J;Unisex;Threadfast Apparel;99% combed cotton, 1% spandex;Casual streetwear, Couples, Friends;Embroidery;49,98;6,29;56,27;81,59;XS, S, M, L, XL, 2XL;Black Denim, Classic Denim;Printful
All-Over Print Recycled Unisex Track Jacket;Unisex;Printful;100% recycled polyester;Athleisure, Outdoor wear, Sports;All-over print sublimation;71,39;6,29;77,68;112,64;2XS, XS, S, M, L, XL, 2XL, 3XL;Custom printed;Printful
Faux Leather Bomber Jacket | Threadfast Apparel 395J;Unisex;Threadfast Apparel;Outside: 100% polyurethane, Lining: 60% cotton, 40% polyester;Streetwear, Urban fashion;Embroidery;65,45;6,29;71,74;104,02;XS, S, M, L, XL, 2XL;Black;Printful
Unisex Sherpa Denim Jacket | Threadfast Apparel 372J;Unisex;Threadfast Apparel;"Denim: 99% cotton, 1% spandex; Sherpa & sleeve lining: 100% recycled polyester";Cold weather, Streetwear;Embroidery;71,4;6,29;77,69;112,65;XS, S, M, L, XL, 2XL;Light Denim;Printful
Unisex Premium Hoodie | Cotton Heritage M2580;Unisex;Cotton Heritage;65% ring-spun cotton, 35% polyester;Streetwear, Branding, Everyday wear;DTG printing, Embroidery;24,93;5,29;30,22;43,82;S, M, L, XL, 2XL, 3XL;White, Black, Red, Navy, Maroon, Forest, Charcoal Heather, and others;Printful
Women's Cropped Hoodie | Bella + Canvas 7502;Women;Bella + Canvas;52% airlume combed and ringspun cotton, 48% poly fleece;Trendy fashion, Casual wear;DTG printing, Embroidery;41,65;6,29;47,94;69,51;S, M, L, XL, 2XL;Black, White, Military Green, Storm, Mauve, Heather Dust;Printful
Unisex Eco Raglan Hoodie | SOL'S 03568;Unisex;SOL'S;"Outside: 100% organic cotton; Charcoal: 60% organic cotton, 40% recycled polyester";Eco-conscious streetwear, Unisex casual;DTG printing, Embroidery;40,4;6,29;46,69;67,7;XS, S, M, L, XL, 2XL, 3XL;White, Black, Burgundy, French Navy, Heather Grey, Bottle Green;Printful
Premium Eco Hoodie;Unisex;Printful;85% organic cotton, 15% recycled polyester;Premium lifestyle wear, Branding;DTG printing, Embroidery;46,41;6,29;52,7;76,41;XS, S, M, L, XL, 2XL, 3XL, 4XL, 5XL;White, Black, French Navy, Anthracite, Red, Bottle Green, and others;Printful
Unisex Heavy Blend Hoodie | Gildan 18500;Unisex;Gildan;50% cotton, 50% polyester;Casual everyday wear, Budget hoodie;DTG printing, Embroidery;22,55;6,29;28,84;41,82;S, M, L, XL, 2XL, 3XL, 4XL, 5XL;White, Black, Red, Navy, Maroon, Sport Grey, Purple, and more;Printful
Unisex Heavy Blend Zip Hoodie | Gildan 18600;Unisex;Gildan;50% cotton, 50% polyester;Casual wear with zip closure, Budget option;DTG printing, Embroidery;27,31;6,29;33,6;48,72;S, M, L, XL, 2XL, 3XL, 4XL, 5XL;White, Black, Navy, Dark Heather, Sport Grey, and others;Printful
Unisex Oversized Hoodie | AS Colour 5161;Unisex;AS Colour;80% cotton, 20% recycled polyester;Oversized streetwear, Comfort fashion;DTG printing, Embroidery;41,59;6,29;47,88;69,43;XS, S, M, L, XL, 2XL;Black, Forest Green, White, and more;Printful
All-Over Print Recycled Unisex Hoodie;Unisex;Printful;95% recycled polyester, 5% spandex;Custom fashion, Athleisure, Branding;All-over print sublimation;46,35;6,29;52,64;76,33;2XS, XS, S, M, L, XL, 2XL, 3XL, 4XL;Custom printed;Printful
Unisex Pullover Hoodie | Bella + Canvas 3719;Unisex;Bella + Canvas;52% airlume combed ring-spun cotton, 48% poly fleece;Urban wear, All-season casual;DTG printing, Embroidery;34,45;6,29;40,74;59,07;S, M, L, XL, 2XL;Black, Navy, Maroon, Storm, and more;Printful
Unisex Essential Eco Hoodie | Stanley/Stella STSU177;Unisex;Stanley/Stella;100% organic cotton;Sustainable streetwear, Eco-conscious fashion;DTG printing, Embroidery;41,65;6,29;47,94;69,51;XS, S, M, L, XL, 2XL;Black, White, Red, French Navy, and others;Printful
All-Over Print Recycled Unisex Zip Hoodie;Unisex;Printful;95% recycled polyester, 5% spandex;Creative branding, Casual wear, Eco streetwear;All-over print sublimation;46,35;6,29;52,64;76,33;2XS, XS, S, M, L, XL, 2XL, 3XL, 4XL;Custom printed;Printful
Unisex Premium Sweatshirt | Cotton Heritage M2480;Unisex;Cotton Heritage;100% cotton (charcoal heather: 55% cotton, 45% polyester);Premium casualwear, Branding;DTG printing, Embroidery;24,39;6,29;30,68;44,49;S, M, L, XL, 2XL;Black, White, Red, Navy, Charcoal Heather, and others;Printful
Women's Cropped Sweatshirt | Bella + Canvas 7503;Women;Bella + Canvas;52% airlume combed and ringspun cotton, 48% poly fleece;Trendy fashion, Loungewear;DTG printing, Embroidery;35,64;6,29;41,93;60,8;S, M, L;Mint, Black, White, and more;Printful
Unisex Organic Sweatshirt | SOL'S 03574;Unisex;SOL'S;80% organic cotton, 20% recycled polyester;Eco-friendly everyday wear;DTG printing, Embroidery;25,17;6,29;31,46;45,62;S, M, L, XL, XXL;Green, Red, Navy, Black, White, and more;Printful
Unisex Crew Neck Sweatshirt | Gildan 18000;Unisex;Gildan;50% cotton, 50% polyester;Basic casualwear, Budget sweatshirt;DTG printing, Embroidery;17,25;6,29;23,54;34,13;S, M, L, XL, 2XL, 3XL, 4XL, 5XL;Sky Blue, Black, White, Red, Navy, Purple, and many others;Printful
All-Over Print Recycled Unisex Sweatshirt;Unisex;Printful;95% recycled polyester, 5% spandex;Creative branding, Eco streetwear, Custom fashion;All-over print sublimation;36,83;6,29;43,12;62,52;2XS, XS, S, M, L, XL, 2XL, 3XL, 4XL;Custom printed;Printful
Unisex Eco Sweatshirt | Stanley/Stella STSU178;Unisex;Stanley/Stella;100% organic ring-spun combed cotton;Eco-conscious casualwear;DTG printing, Embroidery;35,1;6,29;41,39;60,02;XS, S, M, L, XL, 2XL;White, Black, French Navy, Red, and more;Printful
Classic Fit Knitted Crew Neck Sweater;Unisex;Printful;55% cotton, 45% polyester;Seasonal fashion, Layered looks;Knitting (all-over jacquard);47,54;6,29;53,83;78,05;2XS, XS, S, M, L, XL, 2XL, 3XL;Various knitted color options;Printful
Unisex Organic Raglan Sweatshirt | SOL'S 03567;Unisex;SOL'S;100% organic cotton exterior, 80% organic cotton and 20% recycled polyester interior;Eco streetwear, Layering piece;DTG printing, Embroidery;29,69;6,29;35,98;52,17;XS, S, M, L, XL, 2XL;White, Black, Burgundy, Bottle Green, Navy, Heather Grey;Printful
Classic Dad Hat | Yupoong 6245CM;Unisex;Yupoong;100% chino cotton twill;Everyday wear, Casual fashion;Embroidery, DTF printing;16,05;3,99;20,04;29,06;One size;Black, White, Navy, Red, Olive, Pink, Light Blue, etc.;Printful
Vintage Cap | Otto Cap 18-1248;Unisex;Otto Cap;100% cotton twill;Vintage casual, Streetwear;Embroidery, DTF printing;18,98;3,99;22,97;33,31;One size fits all;Black, Grey, Pink, Maroon, Red;Printful
Distressed Dad Hat | Otto Cap 104-1018;Unisex;Otto Cap;100% pre-shrunk cotton twill;Trendy fashion, Casual urban style;Embroidery, DTF printing;17,2;3,99;21,19;30,73;One size fits all;Black, Khaki, Navy, Olive;Printful
Corduroy Hat | Beechfield B682;Unisex;Beechfield;100% cotton corduroy;Trendy accessory, Streetwear;Embroidery;16,89;3,99;20,88;30,28;One size fits all;Black, Camel, Forest Green, Navy;Printful
Closed-Back Structured Cap | Flexfit 6277;Unisex;Flexfit;63% polyester, 34% cotton, 3% spandex twill;Athletic streetwear, Branding cap;Embroidery, DTF printing;17,79;3,99;21,78;31,58;S/M, L/XL;Black, White, Navy, Red, Olive, and more;Printful
Organic Baseball Cap | Econscious EC7000;Unisex;Econscious;100% organic cotton;Eco fashion, Everyday wear;Embroidery;18,98;3,99;22,97;33,31;One size;Natural, Black, Charcoal, Navy, Brown;Printful
Denim Hat | Otto Cap 18-204;Unisex;Otto Cap;100% cotton;Denim fashion, Trendy casual;Embroidery;17,79;3,99;21,78;31,58;One size;Light blue, Washed black, Dark blue;Printful
Pastel Baseball Hat | Beechfield B653;Unisex;Beechfield;100% cotton;Pastel style, Streetwear accessory;Embroidery;17,79;3,99;21,78;31,58;One size;Mint, Lavender, Peach, White, Black;Printful
Retro Trucker Hat | Yupoong 6606;Unisex;Yupoong;60% cotton, 40% polyester;Casualwear, breathable mesh back;Embroidery;13,08;3,99;17,07;24,75;One size;Various incl. White, Black, Red, Navy;Printful
5 Panel Trucker Cap | Yupoong 6006;Unisex;Yupoong;47% cotton, 28% nylon, 25% polyester;Sunny days, stylish accessory;DTG printing, Embroidery;13,98;3,99;17,97;26,06;One size;Various incl. Red/White, Black/White;Printful
Closed-Back Trucker Cap | Flexfit 6511;Unisex;Flexfit;55% polyester, 43% cotton, 2% spandex;Classic trucker style, breathable fit;Embroidery;18,98;3,99;22,97;33,31;One size;Black, Navy, Brown;Printful
All-Over Print Reversible Bucket Hat;Unisex;Printful;100% polyester;Streetwear, two-sided design;Cut & sew sublimation;24,93;3,99;28,92;41,93;XS, S/M, L/XL;Custom printed;Printful
Bucket Hat | Flexfit 5003;Unisex;Flexfit;98% cotton, 2% spandex;Comfort & style, summer accessory;Embroidery;20,17;3,99;24,16;35,03;One size;Navy, Black, Grey;Printful
Organic Bucket Hat;Unisex;Printful;100% organic cotton;Summer accessory, eco-conscious buyers;DTG printing, Embroidery;20,77;3,99;24,76;35,9;One size;White, Black, Green, Grey;Printful
